dev,name,batch_size,speedup,abs_latency
cuda,BERT_pytorch,0,0.000000,0.000000
cuda,BERT_pytorch,0,0.000000,0.000000
cuda,BERT_pytorch,0,0.000000,0.000000
cuda,BERT_pytorch,0,0.000000,0.000000
cuda,BERT_pytorch,0,0.000000,0.000000
cuda,BERT_pytorch,"[(2, 256), (2, 1024), (2, 2048), (8, 256), (8, 1024), (8, 2048), (32, 256), (32, 1024), (32, 2048)]",3.992469,2.909950
cuda,BERT_pytorch,"[(2, 256), (2, 1024), (2, 2048), (8, 256), (8, 1024), (8, 2048), (32, 256), (32, 1024), (32, 2048)]",5.752114,2.112372
cuda,BERT_pytorch,"[(2, 256), (2, 1024), (2, 2048), (8, 256), (8, 1024), (8, 2048), (32, 256), (32, 1024), (32, 2048)]",5.751924,2.100159
cuda,BERT_pytorch,0,0.000000,0.000000
cuda,BERT_pytorch,0,0.000000,0.000000
cuda,BERT_pytorch,0,0.000000,0.000000
cuda,BERT_pytorch,0,0.000000,0.000000
cuda,BERT_pytorch,"[(2, 256), (2, 1024), (2, 2048), (8, 256), (8, 1024), (8, 2048), (32, 256), (32, 1024), (32, 2048)]",3.618256,14.981284
cuda,BERT_pytorch,"[(2, 256), (2, 1024), (2, 2048), (8, 256), (8, 1024), (8, 2048), (32, 256), (32, 1024), (32, 2048)]",2.437609,2.907544
cuda,BERT_pytorch,"[(2, 256), (2, 1024), (2, 2048), (8, 256), (8, 1024), (8, 2048), (32, 256), (32, 1024), (32, 2048)]",2.515761,2.794869
cuda,BERT_pytorch,"[(2, 256), (2, 1024), (2, 2048), (8, 256), (8, 1024), (8, 2048), (32, 256), (32, 1024), (32, 2048)]",2.498168,2.886983
cuda,BERT_pytorch,"[(2, 256), (2, 1024), (2, 2048), (8, 256), (8, 1024), (8, 2048), (32, 256), (32, 1024), (32, 2048)]",1.727045,6.530454
cuda,BERT_pytorch,"[(2, 256), (2, 1024), (2, 2048), (8, 256), (8, 1024), (8, 2048), (32, 256), (32, 1024), (32, 2048)]",1.752393,18.650923
cuda,BERT_pytorch,"[(2, 256), (2, 1024), (2, 2048), (8, 256), (8, 1024), (8, 2048), (32, 256), (32, 1024), (32, 2048)]",1.823352,4.115852
cuda,BERT_pytorch,"[(2, 256), (2, 1024), (2, 2048), (8, 256), (8, 1024), (8, 2048), (32, 256), (32, 1024), (32, 2048)]",1.806704,21.460630
cuda,BERT_pytorch,"[(2, 256), (2, 1024), (2, 2048), (8, 256), (8, 1024), (8, 2048), (32, 256), (32, 1024), (32, 2048)]",1.716901,72.706215
cuda,BERT_pytorch,"[(2, 256), (2, 1024), (2, 2048), (8, 256), (8, 1024), (8, 2048), (32, 256), (32, 1024), (32, 2048)]",1.499682,13.810237
cuda,BERT_pytorch,"[(2, 256), (2, 1024), (2, 2048), (8, 256), (8, 1024), (8, 2048), (32, 256), (32, 1024), (32, 2048)]",1.850009,82.425629
cuda,BERT_pytorch,"[(2, 256), (2, 1024), (2, 2048), (8, 256), (8, 1024), (8, 2048), (32, 256), (32, 1024), (32, 2048)]",1.701182,289.685867
cuda,BERT_pytorch,"[(2, 256), (2, 1024), (2, 2048), (8, 256), (8, 1024), (8, 2048), (32, 256), (32, 1024), (32, 2048)]",2.349422,3.063076
cuda,BERT_pytorch,"[(2, 256), (2, 1024), (2, 2048), (8, 256), (8, 1024), (8, 2048), (32, 256), (32, 1024), (32, 2048)]",1.304572,8.680820
cuda,BERT_pytorch,"[(2, 256), (2, 1024), (2, 2048), (8, 256), (8, 1024), (8, 2048), (32, 256), (32, 1024), (32, 2048)]",1.456417,22.576863
cuda,BERT_pytorch,"[(2, 256), (2, 1024), (2, 2048), (8, 256), (8, 1024), (8, 2048), (32, 256), (32, 1024), (32, 2048)]",1.672528,4.722367
cuda,BERT_pytorch,"[(2, 256), (2, 1024), (2, 2048), (8, 256), (8, 1024), (8, 2048), (32, 256), (32, 1024), (32, 2048)]",1.685437,23.117579
cuda,BERT_pytorch,"[(2, 256), (2, 1024), (2, 2048), (8, 256), (8, 1024), (8, 2048), (32, 256), (32, 1024), (32, 2048)]",1.819704,68.662453
cuda,BERT_pytorch,"[(2, 256), (2, 1024), (2, 2048), (8, 256), (8, 1024), (8, 2048), (32, 256), (32, 1024), (32, 2048)]",1.281072,16.222737
cuda,BERT_pytorch,"[(2, 256), (2, 1024), (2, 2048), (8, 256), (8, 1024), (8, 2048), (32, 256), (32, 1024), (32, 2048)]",1.732492,88.143997
cuda,BERT_pytorch,"[(2, 256), (2, 1024), (2, 2048), (8, 256), (8, 1024), (8, 2048), (32, 256), (32, 1024), (32, 2048)]",2.468720,2.952813
cuda,BERT_pytorch,"[(2, 256), (2, 1024), (2, 2048), (8, 256), (8, 1024), (8, 2048), (32, 256), (32, 1024), (32, 2048)]",1.705722,6.634216
cuda,BERT_pytorch,"[(2, 256), (2, 1024), (2, 2048), (8, 256), (8, 1024), (8, 2048), (32, 256), (32, 1024), (32, 2048)]",1.616919,20.305896
cuda,BERT_pytorch,"[(2, 256), (2, 1024), (2, 2048), (8, 256), (8, 1024), (8, 2048), (32, 256), (32, 1024), (32, 2048)]",1.852975,4.227866
cuda,BERT_pytorch,"[(2, 256), (2, 1024), (2, 2048), (8, 256), (8, 1024), (8, 2048), (32, 256), (32, 1024), (32, 2048)]",1.751640,22.223252
cuda,BERT_pytorch,"[(2, 256), (2, 1024), (2, 2048), (8, 256), (8, 1024), (8, 2048), (32, 256), (32, 1024), (32, 2048)]",1.587971,78.712975
cuda,BERT_pytorch,"[(2, 256), (2, 1024), (2, 2048), (8, 256), (8, 1024), (8, 2048), (32, 256), (32, 1024), (32, 2048)]",1.478761,14.066748
cuda,BERT_pytorch,"[(2, 256), (2, 1024), (2, 2048), (8, 256), (8, 1024), (8, 2048), (32, 256), (32, 1024), (32, 2048)]",1.805679,84.514578
cuda,BERT_pytorch,"[(2, 256), (2, 1024), (2, 2048), (8, 256), (8, 1024), (8, 2048), (32, 256), (32, 1024), (32, 2048)]",1.584847,310.988440
cuda,BERT_pytorch,"[(2, 256), (2, 1024), (2, 2048), (8, 256), (8, 1024), (8, 2048), (32, 256), (32, 1024), (32, 2048)]",2.366901,3.056761
cuda,BERT_pytorch,"[(2, 256), (2, 1024), (2, 2048), (8, 256), (8, 1024), (8, 2048), (32, 256), (32, 1024), (32, 2048)]",1.310507,8.666243
cuda,BERT_pytorch,"[(2, 256), (2, 1024), (2, 2048), (8, 256), (8, 1024), (8, 2048), (32, 256), (32, 1024), (32, 2048)]",1.462970,22.461328
cuda,BERT_pytorch,"[(2, 256), (2, 1024), (2, 2048), (8, 256), (8, 1024), (8, 2048), (32, 256), (32, 1024), (32, 2048)]",1.689897,4.634689
cuda,BERT_pytorch,"[(2, 256), (2, 1024), (2, 2048), (8, 256), (8, 1024), (8, 2048), (32, 256), (32, 1024), (32, 2048)]",1.688986,23.049385
cuda,BERT_pytorch,"[(2, 256), (2, 1024), (2, 2048), (8, 256), (8, 1024), (8, 2048), (32, 256), (32, 1024), (32, 2048)]",1.821496,68.594355
cuda,BERT_pytorch,"[(2, 256), (2, 1024), (2, 2048), (8, 256), (8, 1024), (8, 2048), (32, 256), (32, 1024), (32, 2048)]",1.280278,16.249907
cuda,BERT_pytorch,"[(2, 256), (2, 1024), (2, 2048), (8, 256), (8, 1024), (8, 2048), (32, 256), (32, 1024), (32, 2048)]",1.731509,88.189151
cuda,BERT_pytorch,"[(2, 256), (2, 1024), (2, 2048), (8, 256), (8, 1024), (8, 2048), (32, 256), (32, 1024), (32, 2048)]",1.834476,268.766956
cuda,BERT_pytorch,"[(2, 256), (2, 1024), (2, 2048), (8, 256), (8, 1024), (8, 2048), (32, 256), (32, 1024), (32, 2048)]",2.226957,3.134478
cuda,BERT_pytorch,"[(2, 256), (2, 1024), (2, 2048), (8, 256), (8, 1024), (8, 2048), (32, 256), (32, 1024), (32, 2048)]",1.078814,10.483138
cuda,BERT_pytorch,"[(2, 256), (2, 1024), (2, 2048), (8, 256), (8, 1024), (8, 2048), (32, 256), (32, 1024), (32, 2048)]",1.261615,25.909016
cuda,BERT_pytorch,"[(2, 256), (2, 1024), (2, 2048), (8, 256), (8, 1024), (8, 2048), (32, 256), (32, 1024), (32, 2048)]",1.398022,5.566731
cuda,BERT_pytorch,"[(2, 256), (2, 1024), (2, 2048), (8, 256), (8, 1024), (8, 2048), (32, 256), (32, 1024), (32, 2048)]",1.538292,25.217798
cuda,BERT_pytorch,"[(2, 256), (2, 1024), (2, 2048), (8, 256), (8, 1024), (8, 2048), (32, 256), (32, 1024), (32, 2048)]",1.695641,73.585935
cuda,BERT_pytorch,"[(2, 256), (2, 1024), (2, 2048), (8, 256), (8, 1024), (8, 2048), (32, 256), (32, 1024), (32, 2048)]",1.066179,19.440315
cuda,BERT_pytorch,"[(2, 256), (2, 1024), (2, 2048), (8, 256), (8, 1024), (8, 2048), (32, 256), (32, 1024), (32, 2048)]",1.555080,98.102634
cuda,BERT_pytorch,"[(2, 256), (2, 1024), (2, 2048), (8, 256), (8, 1024), (8, 2048), (32, 256), (32, 1024), (32, 2048)]",1.693205,291.114813
cuda,BERT_pytorch,"[(2, 256), (2, 1024), (2, 2048), (8, 256), (8, 1024), (8, 2048), (32, 256), (32, 1024), (32, 2048)]",2.413546,2.869762
cuda,BERT_pytorch,"[(2, 256), (2, 1024), (2, 2048), (8, 256), (8, 1024), (8, 2048), (32, 256), (32, 1024), (32, 2048)]",1.084329,10.416797
cuda,BERT_pytorch,"[(2, 256), (2, 1024), (2, 2048), (8, 256), (8, 1024), (8, 2048), (32, 256), (32, 1024), (32, 2048)]",1.068277,30.622029
cuda,BERT_pytorch,"[(2, 256), (2, 1024), (2, 2048), (8, 256), (8, 1024), (8, 2048), (32, 256), (32, 1024), (32, 2048)]",1.772795,4.233590
cuda,BERT_pytorch,"[(2, 256), (2, 1024), (2, 2048), (8, 256), (8, 1024), (8, 2048), (32, 256), (32, 1024), (32, 2048)]",1.278861,30.332570
cuda,BERT_pytorch,"[(2, 256), (2, 1024), (2, 2048), (8, 256), (8, 1024), (8, 2048), (32, 256), (32, 1024), (32, 2048)]",1.254117,99.498006
cuda,BERT_pytorch,"[(2, 256), (2, 1024), (2, 2048), (8, 256), (8, 1024), (8, 2048), (32, 256), (32, 1024), (32, 2048)]",1.395120,14.820651
cuda,BERT_pytorch,"[(2, 256), (2, 1024), (2, 2048), (8, 256), (8, 1024), (8, 2048), (32, 256), (32, 1024), (32, 2048)]",1.316070,115.804374
cuda,BERT_pytorch,"[(2, 256), (2, 1024), (2, 2048), (8, 256), (8, 1024), (8, 2048), (32, 256), (32, 1024), (32, 2048)]",1.263547,390.080831
cuda,BERT_pytorch,"[(2, 256), (2, 1024), (2, 2048), (8, 256), (8, 1024), (8, 2048), (32, 256), (32, 1024), (32, 2048)]",2.252448,3.232050
cuda,BERT_pytorch,"[(2, 256), (2, 1024), (2, 2048), (8, 256), (8, 1024), (8, 2048), (32, 256), (32, 1024), (32, 2048)]",1.615793,7.003706
cuda,BERT_pytorch,"[(2, 256), (2, 1024), (2, 2048), (8, 256), (8, 1024), (8, 2048), (32, 256), (32, 1024), (32, 2048)]",1.615345,20.332568
cuda,BERT_pytorch,"[(2, 256), (2, 1024), (2, 2048), (8, 256), (8, 1024), (8, 2048), (32, 256), (32, 1024), (32, 2048)]",1.751860,4.520761
cuda,BERT_pytorch,"[(2, 256), (2, 1024), (2, 2048), (8, 256), (8, 1024), (8, 2048), (32, 256), (32, 1024), (32, 2048)]",1.626243,23.950771
cuda,BERT_pytorch,"[(2, 256), (2, 1024), (2, 2048), (8, 256), (8, 1024), (8, 2048), (32, 256), (32, 1024), (32, 2048)]",1.628277,76.733048
cuda,BERT_pytorch,"[(2, 256), (2, 1024), (2, 2048), (8, 256), (8, 1024), (8, 2048), (32, 256), (32, 1024), (32, 2048)]",1.373044,15.147927
cuda,BERT_pytorch,"[(2, 256), (2, 1024), (2, 2048), (8, 256), (8, 1024), (8, 2048), (32, 256), (32, 1024), (32, 2048)]",1.674078,91.144183
cuda,BERT_pytorch,"[(2, 256), (2, 1024), (2, 2048), (8, 256), (8, 1024), (8, 2048), (32, 256), (32, 1024), (32, 2048)]",1.634282,301.665202
cuda,BERT_pytorch,"[(2, 256), (2, 1024), (2, 2048), (8, 256), (8, 1024), (8, 2048), (32, 256), (32, 1024), (32, 2048)]",2.135160,3.429281
cuda,BERT_pytorch,"[(2, 256), (2, 1024), (2, 2048), (8, 256), (8, 1024), (8, 2048), (32, 256), (32, 1024), (32, 2048)]",1.656726,6.837474
cuda,BERT_pytorch,"[(2, 256), (2, 1024), (2, 2048), (8, 256), (8, 1024), (8, 2048), (32, 256), (32, 1024), (32, 2048)]",1.751094,18.751221
cuda,BERT_pytorch,"[(2, 256), (2, 1024), (2, 2048), (8, 256), (8, 1024), (8, 2048), (32, 256), (32, 1024), (32, 2048)]",1.550387,5.104076
cuda,BERT_pytorch,"[(2, 256), (2, 1024), (2, 2048), (8, 256), (8, 1024), (8, 2048), (32, 256), (32, 1024), (32, 2048)]",1.662053,23.415765
cuda,BERT_pytorch,"[(2, 256), (2, 1024), (2, 2048), (8, 256), (8, 1024), (8, 2048), (32, 256), (32, 1024), (32, 2048)]",1.793783,69.652256
cuda,BERT_pytorch,"[(2, 256), (2, 1024), (2, 2048), (8, 256), (8, 1024), (8, 2048), (32, 256), (32, 1024), (32, 2048)]",1.188322,17.529707
cuda,BERT_pytorch,"[(2, 256), (2, 1024), (2, 2048), (8, 256), (8, 1024), (8, 2048), (32, 256), (32, 1024), (32, 2048)]",1.710012,89.261247
cuda,BERT_pytorch,"[(2, 256), (2, 1024), (2, 2048), (8, 256), (8, 1024), (8, 2048), (32, 256), (32, 1024), (32, 2048)]",1.810462,272.256060
cuda,BERT_pytorch,"[(2, 256), (2, 1024), (2, 2048), (8, 256), (8, 1024), (8, 2048), (32, 256), (32, 1024), (32, 2048)]",2.262156,3.299589
cuda,BERT_pytorch,"[(2, 256), (2, 1024), (2, 2048), (8, 256), (8, 1024), (8, 2048), (32, 256), (32, 1024), (32, 2048)]",1.613069,7.032520
cuda,BERT_pytorch,"[(2, 256), (2, 1024), (2, 2048), (8, 256), (8, 1024), (8, 2048), (32, 256), (32, 1024), (32, 2048)]",1.517231,21.644083
cuda,BERT_pytorch,"[(2, 256), (2, 1024), (2, 2048), (8, 256), (8, 1024), (8, 2048), (32, 256), (32, 1024), (32, 2048)]",1.802430,4.366200
cuda,BERT_pytorch,"[(2, 256), (2, 1024), (2, 2048), (8, 256), (8, 1024), (8, 2048), (32, 256), (32, 1024), (32, 2048)]",1.669098,23.321036
cuda,BERT_pytorch,"[(2, 256), (2, 1024), (2, 2048), (8, 256), (8, 1024), (8, 2048), (32, 256), (32, 1024), (32, 2048)]",1.534209,81.466472
cuda,BERT_pytorch,"[(2, 256), (2, 1024), (2, 2048), (8, 256), (8, 1024), (8, 2048), (32, 256), (32, 1024), (32, 2048)]",1.437023,14.461530
cuda,BERT_pytorch,"[(2, 256), (2, 1024), (2, 2048), (8, 256), (8, 1024), (8, 2048), (32, 256), (32, 1024), (32, 2048)]",1.727733,88.355148
cuda,BERT_pytorch,"[(2, 256), (2, 1024), (2, 2048), (8, 256), (8, 1024), (8, 2048), (32, 256), (32, 1024), (32, 2048)]",1.546763,318.779716
cuda,BERT_pytorch,"[(2, 256), (2, 1024), (2, 2048), (8, 256), (8, 1024), (8, 2048), (32, 256), (32, 1024), (32, 2048)]",2.268807,3.257137
cuda,BERT_pytorch,"[(2, 256), (2, 1024), (2, 2048), (8, 256), (8, 1024), (8, 2048), (32, 256), (32, 1024), (32, 2048)]",1.649261,6.876567
cuda,BERT_pytorch,"[(2, 256), (2, 1024), (2, 2048), (8, 256), (8, 1024), (8, 2048), (32, 256), (32, 1024), (32, 2048)]",1.670455,19.652896
cuda,BERT_pytorch,"[(2, 256), (2, 1024), (2, 2048), (8, 256), (8, 1024), (8, 2048), (32, 256), (32, 1024), (32, 2048)]",1.738627,4.528273
cuda,BERT_pytorch,"[(2, 256), (2, 1024), (2, 2048), (8, 256), (8, 1024), (8, 2048), (32, 256), (32, 1024), (32, 2048)]",1.669396,23.332759
cuda,BERT_pytorch,"[(2, 256), (2, 1024), (2, 2048), (8, 256), (8, 1024), (8, 2048), (32, 256), (32, 1024), (32, 2048)]",1.691959,73.859254
cuda,BERT_pytorch,"[(2, 256), (2, 1024), (2, 2048), (8, 256), (8, 1024), (8, 2048), (32, 256), (32, 1024), (32, 2048)]",1.380745,15.070511
cuda,BERT_pytorch,"[(2, 256), (2, 1024), (2, 2048), (8, 256), (8, 1024), (8, 2048), (32, 256), (32, 1024), (32, 2048)]",1.727555,88.354819
cuda,BERT_pytorch,"[(2, 256), (2, 1024), (2, 2048), (8, 256), (8, 1024), (8, 2048), (32, 256), (32, 1024), (32, 2048)]",1.705232,289.112620
cuda,BERT_pytorch,"[(2, 256), (2, 1024), (2, 2048), (8, 256), (8, 1024), (8, 2048), (32, 256), (32, 1024), (32, 2048)]",2.110725,3.460399
cuda,BERT_pytorch,"[(2, 256), (2, 1024), (2, 2048), (8, 256), (8, 1024), (8, 2048), (32, 256), (32, 1024), (32, 2048)]",1.637842,6.921181
cuda,BERT_pytorch,"[(2, 256), (2, 1024), (2, 2048), (8, 256), (8, 1024), (8, 2048), (32, 256), (32, 1024), (32, 2048)]",1.738640,18.870341
cuda,BERT_pytorch,"[(2, 256), (2, 1024), (2, 2048), (8, 256), (8, 1024), (8, 2048), (32, 256), (32, 1024), (32, 2048)]",1.517277,5.187061
cuda,BERT_pytorch,"[(2, 256), (2, 1024), (2, 2048), (8, 256), (8, 1024), (8, 2048), (32, 256), (32, 1024), (32, 2048)]",1.651773,23.566082
cuda,BERT_pytorch,"[(2, 256), (2, 1024), (2, 2048), (8, 256), (8, 1024), (8, 2048), (32, 256), (32, 1024), (32, 2048)]",1.791876,69.736295
cuda,BERT_pytorch,"[(2, 256), (2, 1024), (2, 2048), (8, 256), (8, 1024), (8, 2048), (32, 256), (32, 1024), (32, 2048)]",1.183927,17.575482
cuda,BERT_pytorch,"[(2, 256), (2, 1024), (2, 2048), (8, 256), (8, 1024), (8, 2048), (32, 256), (32, 1024), (32, 2048)]",1.707622,89.393226
cuda,BERT_pytorch,"[(2, 256), (2, 1024), (2, 2048), (8, 256), (8, 1024), (8, 2048), (32, 256), (32, 1024), (32, 2048)]",1.810677,272.275347
cuda,BERT_pytorch,"[(2, 256), (2, 1024), (2, 2048), (8, 256), (8, 1024), (8, 2048), (32, 256), (32, 1024), (32, 2048)]",2.490487,2.869641
cuda,BERT_pytorch,"[(2, 256), (2, 1024), (2, 2048), (8, 256), (8, 1024), (8, 2048), (32, 256), (32, 1024), (32, 2048)]",1.742013,6.539912
cuda,BERT_pytorch,"[(2, 256), (2, 1024), (2, 2048), (8, 256), (8, 1024), (8, 2048), (32, 256), (32, 1024), (32, 2048)]",1.689972,19.456870
cuda,BERT_pytorch,"[(2, 256), (2, 1024), (2, 2048), (8, 256), (8, 1024), (8, 2048), (32, 256), (32, 1024), (32, 2048)]",1.843512,4.233640
cuda,BERT_pytorch,"[(2, 256), (2, 1024), (2, 2048), (8, 256), (8, 1024), (8, 2048), (32, 256), (32, 1024), (32, 2048)]",1.750399,22.323847
cuda,BERT_pytorch,"[(2, 256), (2, 1024), (2, 2048), (8, 256), (8, 1024), (8, 2048), (32, 256), (32, 1024), (32, 2048)]",1.673533,74.705027
cuda,BERT_pytorch,"[(2, 256), (2, 1024), (2, 2048), (8, 256), (8, 1024), (8, 2048), (32, 256), (32, 1024), (32, 2048)]",1.439294,14.530008
cuda,BERT_pytorch,"[(2, 256), (2, 1024), (2, 2048), (8, 256), (8, 1024), (8, 2048), (32, 256), (32, 1024), (32, 2048)]",1.804791,84.615821
cuda,BERT_pytorch,"[(2, 256), (2, 1024), (2, 2048), (8, 256), (8, 1024), (8, 2048), (32, 256), (32, 1024), (32, 2048)]",1.676737,294.023852
cuda,BERT_pytorch,"[(2, 256), (2, 1024), (2, 2048), (8, 256), (8, 1024), (8, 2048), (32, 256), (32, 1024), (32, 2048)]",2.867002,2.405458
cuda,BERT_pytorch,"[(2, 256), (2, 1024), (2, 2048), (8, 256), (8, 1024), (8, 2048), (32, 256), (32, 1024), (32, 2048)]",1.848571,6.122806
cuda,BERT_pytorch,"[(2, 256), (2, 1024), (2, 2048), (8, 256), (8, 1024), (8, 2048), (32, 256), (32, 1024), (32, 2048)]",1.899153,17.205216
cuda,BERT_pytorch,"[(2, 256), (2, 1024), (2, 2048), (8, 256), (8, 1024), (8, 2048), (32, 256), (32, 1024), (32, 2048)]",1.788191,4.207821
cuda,BERT_pytorch,"[(2, 256), (2, 1024), (2, 2048), (8, 256), (8, 1024), (8, 2048), (32, 256), (32, 1024), (32, 2048)]",1.827937,21.236989
cuda,BERT_pytorch,"[(2, 256), (2, 1024), (2, 2048), (8, 256), (8, 1024), (8, 2048), (32, 256), (32, 1024), (32, 2048)]",1.887497,66.143372
cuda,BERT_pytorch,"[(2, 256), (2, 1024), (2, 2048), (8, 256), (8, 1024), (8, 2048), (32, 256), (32, 1024), (32, 2048)]",1.405258,14.769897
cuda,BERT_pytorch,"[(2, 256), (2, 1024), (2, 2048), (8, 256), (8, 1024), (8, 2048), (32, 256), (32, 1024), (32, 2048)]",1.847918,82.544352
cuda,BERT_pytorch,"[(2, 256), (2, 1024), (2, 2048), (8, 256), (8, 1024), (8, 2048), (32, 256), (32, 1024), (32, 2048)]",1.854751,265.742927
cuda,BERT_pytorch,"[(2, 256), (2, 1024), (2, 2048), (8, 256), (8, 1024), (8, 2048), (32, 256), (32, 1024), (32, 2048)]",2.299149,3.105184
cuda,BERT_pytorch,"[(2, 256), (2, 1024), (2, 2048), (8, 256), (8, 1024), (8, 2048), (32, 256), (32, 1024), (32, 2048)]",1.627951,6.990671
cuda,BERT_pytorch,"[(2, 256), (2, 1024), (2, 2048), (8, 256), (8, 1024), (8, 2048), (32, 256), (32, 1024), (32, 2048)]",1.952120,16.828834
cuda,BERT_pytorch,"[(2, 256), (2, 1024), (2, 2048), (8, 256), (8, 1024), (8, 2048), (32, 256), (32, 1024), (32, 2048)]",1.353606,5.826987
cuda,BERT_pytorch,"[(2, 256), (2, 1024), (2, 2048), (8, 256), (8, 1024), (8, 2048), (32, 256), (32, 1024), (32, 2048)]",1.618725,24.104022
cuda,BERT_pytorch,"[(2, 256), (2, 1024), (2, 2048), (8, 256), (8, 1024), (8, 2048), (32, 256), (32, 1024), (32, 2048)]",1.927229,64.882063
cuda,BERT_pytorch,"[(2, 256), (2, 1024), (2, 2048), (8, 256), (8, 1024), (8, 2048), (32, 256), (32, 1024), (32, 2048)]",1.033667,20.206691
cuda,BERT_pytorch,"[(2, 256), (2, 1024), (2, 2048), (8, 256), (8, 1024), (8, 2048), (32, 256), (32, 1024), (32, 2048)]",1.614765,94.560177
cuda,BERT_pytorch,"[(2, 256), (2, 1024), (2, 2048), (8, 256), (8, 1024), (8, 2048), (32, 256), (32, 1024), (32, 2048)]",1.923515,256.346254
cuda,BERT_pytorch,"[(2, 256), (2, 1024), (2, 2048), (8, 256), (8, 1024), (8, 2048), (32, 256), (32, 1024), (32, 2048)]",2.756595,2.610789
cuda,BERT_pytorch,"[(2, 256), (2, 1024), (2, 2048), (8, 256), (8, 1024), (8, 2048), (32, 256), (32, 1024), (32, 2048)]",1.456718,7.814610
cuda,BERT_pytorch,"[(2, 256), (2, 1024), (2, 2048), (8, 256), (8, 1024), (8, 2048), (32, 256), (32, 1024), (32, 2048)]",1.370245,24.027233
cuda,BERT_pytorch,"[(2, 256), (2, 1024), (2, 2048), (8, 256), (8, 1024), (8, 2048), (32, 256), (32, 1024), (32, 2048)]",1.925889,4.012438
cuda,BERT_pytorch,"[(2, 256), (2, 1024), (2, 2048), (8, 256), (8, 1024), (8, 2048), (32, 256), (32, 1024), (32, 2048)]",1.397258,27.953453
cuda,BERT_pytorch,"[(2, 256), (2, 1024), (2, 2048), (8, 256), (8, 1024), (8, 2048), (32, 256), (32, 1024), (32, 2048)]",1.381561,90.531660
cuda,BERT_pytorch,"[(2, 256), (2, 1024), (2, 2048), (8, 256), (8, 1024), (8, 2048), (32, 256), (32, 1024), (32, 2048)]",1.444112,14.541279
cuda,BERT_pytorch,"[(2, 256), (2, 1024), (2, 2048), (8, 256), (8, 1024), (8, 2048), (32, 256), (32, 1024), (32, 2048)]",1.422245,107.358013
cuda,BERT_pytorch,"[(2, 256), (2, 1024), (2, 2048), (8, 256), (8, 1024), (8, 2048), (32, 256), (32, 1024), (32, 2048)]",1.394276,353.591505
cuda,BERT_pytorch,"[(2, 256), (2, 1024), (2, 2048), (8, 256), (8, 1024), (8, 2048), (32, 256), (32, 1024), (32, 2048)]",2.421150,2.961720
cuda,BERT_pytorch,"[(2, 256), (2, 1024), (2, 2048), (8, 256), (8, 1024), (8, 2048), (32, 256), (32, 1024), (32, 2048)]",1.815417,6.265430
cuda,BERT_pytorch,"[(2, 256), (2, 1024), (2, 2048), (8, 256), (8, 1024), (8, 2048), (32, 256), (32, 1024), (32, 2048)]",1.954539,16.795196
cuda,BERT_pytorch,"[(2, 256), (2, 1024), (2, 2048), (8, 256), (8, 1024), (8, 2048), (32, 256), (32, 1024), (32, 2048)]",1.762295,4.469948
cuda,BERT_pytorch,"[(2, 256), (2, 1024), (2, 2048), (8, 256), (8, 1024), (8, 2048), (32, 256), (32, 1024), (32, 2048)]",1.835966,21.240993
cuda,BERT_pytorch,"[(2, 256), (2, 1024), (2, 2048), (8, 256), (8, 1024), (8, 2048), (32, 256), (32, 1024), (32, 2048)]",2.010329,62.179287
cuda,BERT_pytorch,"[(2, 256), (2, 1024), (2, 2048), (8, 256), (8, 1024), (8, 2048), (32, 256), (32, 1024), (32, 2048)]",1.385325,15.052625
cuda,BERT_pytorch,"[(2, 256), (2, 1024), (2, 2048), (8, 256), (8, 1024), (8, 2048), (32, 256), (32, 1024), (32, 2048)]",1.888708,80.857795
cuda,BERT_pytorch,"[(2, 256), (2, 1024), (2, 2048), (8, 256), (8, 1024), (8, 2048), (32, 256), (32, 1024), (32, 2048)]",2.038953,241.877503
cuda,BERT_pytorch,"[(2, 256), (2, 1024), (2, 2048), (8, 256), (8, 1024), (8, 2048), (32, 256), (32, 1024), (32, 2048)]",2.385929,2.884319
cuda,BERT_pytorch,"[(2, 256), (2, 1024), (2, 2048), (8, 256), (8, 1024), (8, 2048), (32, 256), (32, 1024), (32, 2048)]",1.666609,6.803976
cuda,BERT_pytorch,"[(2, 256), (2, 1024), (2, 2048), (8, 256), (8, 1024), (8, 2048), (32, 256), (32, 1024), (32, 2048)]",1.936944,16.879710
cuda,BERT_pytorch,"[(2, 256), (2, 1024), (2, 2048), (8, 256), (8, 1024), (8, 2048), (32, 256), (32, 1024), (32, 2048)]",1.373877,5.594974
cuda,BERT_pytorch,"[(2, 256), (2, 1024), (2, 2048), (8, 256), (8, 1024), (8, 2048), (32, 256), (32, 1024), (32, 2048)]",1.661877,23.370882
cuda,BERT_pytorch,"[(2, 256), (2, 1024), (2, 2048), (8, 256), (8, 1024), (8, 2048), (32, 256), (32, 1024), (32, 2048)]",1.977922,63.097033
cuda,BERT_pytorch,"[(2, 256), (2, 1024), (2, 2048), (8, 256), (8, 1024), (8, 2048), (32, 256), (32, 1024), (32, 2048)]",1.065048,19.512993
cuda,BERT_pytorch,"[(2, 256), (2, 1024), (2, 2048), (8, 256), (8, 1024), (8, 2048), (32, 256), (32, 1024), (32, 2048)]",1.689932,90.274423
cuda,BERT_pytorch,"[(2, 256), (2, 1024), (2, 2048), (8, 256), (8, 1024), (8, 2048), (32, 256), (32, 1024), (32, 2048)]",1.996184,246.985594
cuda,BERT_pytorch,"[(2, 256), (2, 1024), (2, 2048), (8, 256), (8, 1024), (8, 2048), (32, 256), (32, 1024), (32, 2048)]",2.492126,2.772618
cuda,BERT_pytorch,"[(2, 256), (2, 1024), (2, 2048), (8, 256), (8, 1024), (8, 2048), (32, 256), (32, 1024), (32, 2048)]",1.821182,6.215125
cuda,BERT_pytorch,"[(2, 256), (2, 1024), (2, 2048), (8, 256), (8, 1024), (8, 2048), (32, 256), (32, 1024), (32, 2048)]",1.770641,18.450631
cuda,BERT_pytorch,"[(2, 256), (2, 1024), (2, 2048), (8, 256), (8, 1024), (8, 2048), (32, 256), (32, 1024), (32, 2048)]",1.921430,3.959322
cuda,BERT_pytorch,"[(2, 256), (2, 1024), (2, 2048), (8, 256), (8, 1024), (8, 2048), (32, 256), (32, 1024), (32, 2048)]",1.865455,20.830402
cuda,BERT_pytorch,"[(2, 256), (2, 1024), (2, 2048), (8, 256), (8, 1024), (8, 2048), (32, 256), (32, 1024), (32, 2048)]",1.743907,71.582921
cuda,BERT_pytorch,"[(2, 256), (2, 1024), (2, 2048), (8, 256), (8, 1024), (8, 2048), (32, 256), (32, 1024), (32, 2048)]",1.575658,13.181099
cuda,BERT_pytorch,"[(2, 256), (2, 1024), (2, 2048), (8, 256), (8, 1024), (8, 2048), (32, 256), (32, 1024), (32, 2048)]",1.907810,79.945275
cuda,BERT_pytorch,"[(2, 256), (2, 1024), (2, 2048), (8, 256), (8, 1024), (8, 2048), (32, 256), (32, 1024), (32, 2048)]",1.737886,283.651086
cuda,BERT_pytorch,"[(2, 256), (2, 1024), (2, 2048), (8, 256), (8, 1024), (8, 2048), (32, 256), (32, 1024), (32, 2048)]",2.413992,2.991224
cuda,BERT_pytorch,"[(2, 256), (2, 1024), (2, 2048), (8, 256), (8, 1024), (8, 2048), (32, 256), (32, 1024), (32, 2048)]",1.803099,6.319028
cuda,BERT_pytorch,"[(2, 256), (2, 1024), (2, 2048), (8, 256), (8, 1024), (8, 2048), (32, 256), (32, 1024), (32, 2048)]",1.946269,16.869870
cuda,BERT_pytorch,"[(2, 256), (2, 1024), (2, 2048), (8, 256), (8, 1024), (8, 2048), (32, 256), (32, 1024), (32, 2048)]",1.736187,4.521939
cuda,BERT_pytorch,"[(2, 256), (2, 1024), (2, 2048), (8, 256), (8, 1024), (8, 2048), (32, 256), (32, 1024), (32, 2048)]",1.825155,21.388945
cuda,BERT_pytorch,"[(2, 256), (2, 1024), (2, 2048), (8, 256), (8, 1024), (8, 2048), (32, 256), (32, 1024), (32, 2048)]",2.007735,62.275677
cuda,BERT_pytorch,"[(2, 256), (2, 1024), (2, 2048), (8, 256), (8, 1024), (8, 2048), (32, 256), (32, 1024), (32, 2048)]",1.360479,15.363457
cuda,BERT_pytorch,"[(2, 256), (2, 1024), (2, 2048), (8, 256), (8, 1024), (8, 2048), (32, 256), (32, 1024), (32, 2048)]",1.887441,80.903061
cuda,BERT_pytorch,"[(2, 256), (2, 1024), (2, 2048), (8, 256), (8, 1024), (8, 2048), (32, 256), (32, 1024), (32, 2048)]",2.039748,241.793035
cuda,BERT_pytorch,"[(2, 256), (2, 1024), (2, 2048), (8, 256), (8, 1024), (8, 2048), (32, 256), (32, 1024), (32, 2048)]",2.417889,2.944247
cuda,BERT_pytorch,"[(2, 256), (2, 1024), (2, 2048), (8, 256), (8, 1024), (8, 2048), (32, 256), (32, 1024), (32, 2048)]",1.669425,6.800672
cuda,BERT_pytorch,"[(2, 256), (2, 1024), (2, 2048), (8, 256), (8, 1024), (8, 2048), (32, 256), (32, 1024), (32, 2048)]",1.936204,16.893535
cuda,BERT_pytorch,"[(2, 256), (2, 1024), (2, 2048), (8, 256), (8, 1024), (8, 2048), (32, 256), (32, 1024), (32, 2048)]",1.389929,5.605917
cuda,BERT_pytorch,"[(2, 256), (2, 1024), (2, 2048), (8, 256), (8, 1024), (8, 2048), (32, 256), (32, 1024), (32, 2048)]",1.661113,23.405114
cuda,BERT_pytorch,"[(2, 256), (2, 1024), (2, 2048), (8, 256), (8, 1024), (8, 2048), (32, 256), (32, 1024), (32, 2048)]",1.977267,63.137461
cuda,BERT_pytorch,"[(2, 256), (2, 1024), (2, 2048), (8, 256), (8, 1024), (8, 2048), (32, 256), (32, 1024), (32, 2048)]",1.064845,19.536747
cuda,BERT_pytorch,"[(2, 256), (2, 1024), (2, 2048), (8, 256), (8, 1024), (8, 2048), (32, 256), (32, 1024), (32, 2048)]",1.687608,90.373868
cuda,BERT_pytorch,"[(2, 256), (2, 1024), (2, 2048), (8, 256), (8, 1024), (8, 2048), (32, 256), (32, 1024), (32, 2048)]",1.995857,246.982866
cuda,BERT_pytorch,0,0.000000,0.000000
cuda,BERT_pytorch,0,0.000000,0.000000
cuda,BERT_pytorch,0,0.000000,0.000000
cuda,BERT_pytorch,0,0.000000,0.000000
cuda,BERT_pytorch,0,0.000000,0.000000
cuda,BERT_pytorch,0,0.000000,0.000000
cuda,BERT_pytorch,0,0.000000,0.000000
cuda,BERT_pytorch,0,0.000000,0.000000
cuda,BERT_pytorch,0,0.000000,0.000000
cuda,BERT_pytorch,0,0.000000,0.000000
cuda,BERT_pytorch,0,0.000000,0.000000
cuda,BERT_pytorch,0,0.000000,0.000000
cuda,BERT_pytorch,0,0.000000,0.000000
cuda,BERT_pytorch,0,0.000000,0.000000
cuda,BERT_pytorch,0,0.000000,0.000000
cuda,BERT_pytorch,0,0.000000,0.000000
cuda,BERT_pytorch,0,0.000000,0.000000
cuda,BERT_pytorch,0,0.000000,0.000000
cuda,BERT_pytorch,0,0.000000,0.000000
cuda,BERT_pytorch,"[(2, 256), (2, 1024), (2, 2048), (8, 256), (8, 1024), (8, 2048), (32, 256), (32, 1024), (32, 2048)]",4.027014,1.716572
cuda,BERT_pytorch,"[(2, 256), (2, 1024), (2, 2048), (8, 256), (8, 1024), (8, 2048), (32, 256), (32, 1024), (32, 2048)]",1.895059,6.027565
cuda,BERT_pytorch,"[(2, 256), (2, 1024), (2, 2048), (8, 256), (8, 1024), (8, 2048), (32, 256), (32, 1024), (32, 2048)]",1.771081,18.531131
cuda,BERT_pytorch,"[(2, 256), (2, 1024), (2, 2048), (8, 256), (8, 1024), (8, 2048), (32, 256), (32, 1024), (32, 2048)]",2.008113,3.745972
cuda,BERT_pytorch,"[(2, 256), (2, 1024), (2, 2048), (8, 256), (8, 1024), (8, 2048), (32, 256), (32, 1024), (32, 2048)]",1.844187,21.118907
cuda,BERT_pytorch,"[(2, 256), (2, 1024), (2, 2048), (8, 256), (8, 1024), (8, 2048), (32, 256), (32, 1024), (32, 2048)]",1.702337,73.519065
cuda,BERT_pytorch,"[(2, 256), (2, 1024), (2, 2048), (8, 256), (8, 1024), (8, 2048), (32, 256), (32, 1024), (32, 2048)]",1.541493,13.609421
cuda,BERT_pytorch,"[(2, 256), (2, 1024), (2, 2048), (8, 256), (8, 1024), (8, 2048), (32, 256), (32, 1024), (32, 2048)]",1.857854,82.227593
cuda,BERT_pytorch,"[(2, 256), (2, 1024), (2, 2048), (8, 256), (8, 1024), (8, 2048), (32, 256), (32, 1024), (32, 2048)]",1.705485,289.175295
cuda,BERT_pytorch,"[(2, 256), (2, 1024), (2, 2048), (8, 256), (8, 1024), (8, 2048), (32, 256), (32, 1024), (32, 2048)]",3.684902,1.963461
cuda,BERT_pytorch,"[(2, 256), (2, 1024), (2, 2048), (8, 256), (8, 1024), (8, 2048), (32, 256), (32, 1024), (32, 2048)]",1.618944,7.053991
cuda,BERT_pytorch,"[(2, 256), (2, 1024), (2, 2048), (8, 256), (8, 1024), (8, 2048), (32, 256), (32, 1024), (32, 2048)]",1.602723,20.564968
cuda,BERT_pytorch,"[(2, 256), (2, 1024), (2, 2048), (8, 256), (8, 1024), (8, 2048), (32, 256), (32, 1024), (32, 2048)]",2.051509,3.826995
cuda,BERT_pytorch,"[(2, 256), (2, 1024), (2, 2048), (8, 256), (8, 1024), (8, 2048), (32, 256), (32, 1024), (32, 2048)]",1.819715,21.473183
cuda,BERT_pytorch,"[(2, 256), (2, 1024), (2, 2048), (8, 256), (8, 1024), (8, 2048), (32, 256), (32, 1024), (32, 2048)]",1.698465,73.636658
cuda,BERT_pytorch,"[(2, 256), (2, 1024), (2, 2048), (8, 256), (8, 1024), (8, 2048), (32, 256), (32, 1024), (32, 2048)]",1.522688,13.749807
cuda,BERT_pytorch,"[(2, 256), (2, 1024), (2, 2048), (8, 256), (8, 1024), (8, 2048), (32, 256), (32, 1024), (32, 2048)]",1.853295,82.395327
cuda,BERT_pytorch,"[(2, 256), (2, 1024), (2, 2048), (8, 256), (8, 1024), (8, 2048), (32, 256), (32, 1024), (32, 2048)]",1.703506,289.422741
cuda,BERT_pytorch,0,0.000000,0.000000
cuda,BERT_pytorch,"[(2, 256), (2, 1024), (2, 2048), (8, 256), (8, 1024), (8, 2048), (32, 256), (32, 1024), (32, 2048)]",2.344684,3.103998
cuda,BERT_pytorch,"[(2, 256), (2, 1024), (2, 2048), (8, 256), (8, 1024), (8, 2048), (32, 256), (32, 1024), (32, 2048)]",1.530835,7.392913
cuda,BERT_pytorch,"[(2, 256), (2, 1024), (2, 2048), (8, 256), (8, 1024), (8, 2048), (32, 256), (32, 1024), (32, 2048)]",1.563796,20.996555
cuda,BERT_pytorch,"[(2, 256), (2, 1024), (2, 2048), (8, 256), (8, 1024), (8, 2048), (32, 256), (32, 1024), (32, 2048)]",1.870895,4.215323
cuda,BERT_pytorch,"[(2, 256), (2, 1024), (2, 2048), (8, 256), (8, 1024), (8, 2048), (32, 256), (32, 1024), (32, 2048)]",1.797241,21.673291
cuda,BERT_pytorch,"[(2, 256), (2, 1024), (2, 2048), (8, 256), (8, 1024), (8, 2048), (32, 256), (32, 1024), (32, 2048)]",1.696483,73.676636
cuda,BERT_pytorch,"[(2, 256), (2, 1024), (2, 2048), (8, 256), (8, 1024), (8, 2048), (32, 256), (32, 1024), (32, 2048)]",1.494386,13.930953
cuda,BERT_pytorch,"[(2, 256), (2, 1024), (2, 2048), (8, 256), (8, 1024), (8, 2048), (32, 256), (32, 1024), (32, 2048)]",1.851264,82.431464
cuda,BERT_pytorch,"[(2, 256), (2, 1024), (2, 2048), (8, 256), (8, 1024), (8, 2048), (32, 256), (32, 1024), (32, 2048)]",1.703371,289.470780
cuda,BERT_pytorch,"[(2, 256), (2, 1024), (2, 2048), (8, 256), (8, 1024), (8, 2048), (32, 256), (32, 1024), (32, 2048)]",2.226384,3.149409
cuda,BERT_pytorch,"[(2, 256), (2, 1024), (2, 2048), (8, 256), (8, 1024), (8, 2048), (32, 256), (32, 1024), (32, 2048)]",1.138003,9.940069
cuda,BERT_pytorch,"[(2, 256), (2, 1024), (2, 2048), (8, 256), (8, 1024), (8, 2048), (32, 256), (32, 1024), (32, 2048)]",1.159491,28.255531
cuda,BERT_pytorch,"[(2, 256), (2, 1024), (2, 2048), (8, 256), (8, 1024), (8, 2048), (32, 256), (32, 1024), (32, 2048)]",1.373877,5.588895
cuda,BERT_pytorch,"[(2, 256), (2, 1024), (2, 2048), (8, 256), (8, 1024), (8, 2048), (32, 256), (32, 1024), (32, 2048)]",1.209252,32.127559
cuda,BERT_pytorch,"[(2, 256), (2, 1024), (2, 2048), (8, 256), (8, 1024), (8, 2048), (32, 256), (32, 1024), (32, 2048)]",1.242782,100.355303
cuda,BERT_pytorch,"[(2, 256), (2, 1024), (2, 2048), (8, 256), (8, 1024), (8, 2048), (32, 256), (32, 1024), (32, 2048)]",1.100383,18.830726
cuda,BERT_pytorch,"[(2, 256), (2, 1024), (2, 2048), (8, 256), (8, 1024), (8, 2048), (32, 256), (32, 1024), (32, 2048)]",1.536004,99.287986
cuda,BERT_pytorch,"[(2, 256), (2, 1024), (2, 2048), (8, 256), (8, 1024), (8, 2048), (32, 256), (32, 1024), (32, 2048)]",1.692077,291.204741
cuda,BERT_pytorch,"[(2, 256), (2, 2048), (32, 256), (32, 2048)]",2.329432,3.014990
cuda,BERT_pytorch,"[(2, 256), (2, 2048), (32, 256), (32, 2048)]",1.528186,21.391640
cuda,BERT_pytorch,"[(2, 256), (2, 2048), (32, 256), (32, 2048)]",1.501657,13.776232
cuda,BERT_pytorch,"[(2, 256), (2, 2048), (32, 256), (32, 2048)]",1.700083,289.854079
cuda,BERT_pytorch,"[(2, 256), (2, 2048), (32, 256), (32, 2048)]",2.039826,3.565013
cuda,BERT_pytorch,"[(2, 256), (2, 2048), (32, 256), (32, 2048)]",1.100678,30.107054
cuda,BERT_pytorch,"[(2, 256), (2, 2048), (32, 256), (32, 2048)]",0.948408,22.316873
cuda,BERT_pytorch,"[(2, 256), (2, 2048), (32, 256), (32, 2048)]",1.686016,292.335367
cuda,BERT_pytorch,"[(2, 256), (2, 2048), (32, 256), (32, 2048)]",2.262443,3.054555
cuda,BERT_pytorch,"[(2, 256), (2, 2048), (32, 256), (32, 2048)]",1.224852,26.706481
cuda,BERT_pytorch,"[(2, 256), (2, 2048), (32, 256), (32, 2048)]",1.529470,13.540042
cuda,BERT_pytorch,"[(2, 256), (2, 2048), (32, 256), (32, 2048)]",1.623991,303.502532
cuda,BERT_pytorch,"[(2, 256), (2, 2048), (32, 256), (32, 2048)]",2.074456,3.446984
cuda,BERT_pytorch,"[(2, 256), (2, 2048), (32, 256), (32, 2048)]",1.339648,24.536322
cuda,BERT_pytorch,"[(2, 256), (2, 2048), (32, 256), (32, 2048)]",1.187761,17.548792
cuda,BERT_pytorch,"[(2, 256), (2, 2048), (32, 256), (32, 2048)]",1.812234,272.032229
cuda,BERT_pytorch,"[(2, 256), (2, 2048), (32, 256), (32, 2048)]",2.199665,3.296886
cuda,BERT_pytorch,"[(2, 256), (2, 2048), (32, 256), (32, 2048)]",1.526970,21.501809
cuda,BERT_pytorch,"[(2, 256), (2, 2048), (32, 256), (32, 2048)]",1.491769,13.909238
cuda,BERT_pytorch,"[(2, 256), (2, 2048), (32, 256), (32, 2048)]",1.702061,289.560301
cuda,BERT_pytorch,"[(2, 256), (2, 2048), (32, 256), (32, 2048)]",2.328614,3.085336
cuda,BERT_pytorch,"[(2, 256), (2, 2048), (32, 256), (32, 2048)]",1.524407,21.520536
cuda,BERT_pytorch,"[(2, 256), (2, 2048), (32, 256), (32, 2048)]",1.462172,14.293399
cuda,BERT_pytorch,"[(2, 256), (2, 2048), (32, 256), (32, 2048)]",1.702155,289.428766
cuda,BERT_pytorch,"[(2, 256), (2, 2048), (32, 256), (32, 2048)]",2.331635,3.092311
cuda,BERT_pytorch,"[(2, 256), (2, 2048), (32, 256), (32, 2048)]",1.525625,21.494212
cuda,BERT_pytorch,"[(2, 256), (2, 2048), (32, 256), (32, 2048)]",1.487699,13.944782
cuda,BERT_pytorch,"[(2, 256), (2, 2048), (32, 256), (32, 2048)]",1.702952,289.386711
cuda,BERT_pytorch,"[(2, 256), (2, 2048), (32, 256), (32, 2048)]",2.349530,3.064178
cuda,BERT_pytorch,"[(2, 256), (2, 2048), (32, 256), (32, 2048)]",1.528133,21.444186
cuda,BERT_pytorch,"[(2, 256), (2, 2048), (32, 256), (32, 2048)]",1.492120,13.906678
cuda,BERT_pytorch,"[(2, 256), (2, 2048), (32, 256), (32, 2048)]",1.702045,289.520350
cuda,BERT_pytorch,"[(2, 256), (2, 2048), (32, 256), (32, 2048)]",2.367704,3.001551
cuda,BERT_pytorch,"[(2, 256), (2, 2048), (32, 256), (32, 2048)]",2.349965,3.014640
cuda,BERT_pytorch,"[(2, 256), (2, 2048), (32, 256), (32, 2048)]",2.355111,3.065577
cuda,BERT_pytorch,"[(2, 256), (2, 2048), (32, 256), (32, 2048)]",2.364086,2.996197
cuda,BERT_pytorch,"[(2, 256), (2, 2048), (32, 256), (32, 2048)]",3.465110,2.070628
cuda,BERT_pytorch,"[(2, 256), (2, 2048), (32, 256), (32, 2048)]",2.390138,3.024840
cuda,BERT_pytorch,"[(2, 256), (2, 2048), (32, 256), (32, 2048)]",2.222774,3.308844
cuda,BERT_pytorch,"[(2, 256), (2, 2048), (32, 256), (32, 2048)]",2.249621,3.238092
cuda,BERT_pytorch,"[(2, 256), (2, 2048), (32, 256), (32, 2048)]",2.204541,3.175689
cuda,BERT_pytorch,0,0.000000,0.000000
cuda,BERT_pytorch,0,0.000000,0.000000
cuda,BERT_pytorch,0,0.000000,0.000000
cuda,BERT_pytorch,0,0.000000,0.000000
cuda,BERT_pytorch,0,0.000000,0.000000
cuda,BERT_pytorch,"[(2, 256), (2, 2048), (32, 256), (32, 2048)]",2.394272,2.977144
cuda,BERT_pytorch,"[(2, 256), (2, 2048), (32, 256), (32, 2048)]",2.279670,3.109264
cuda,BERT_pytorch,0,0.000000,0.000000
cuda,BERT_pytorch,"[(2, 256), (2, 2048), (32, 256), (32, 2048)]",2.377424,2.917253
cuda,BERT_pytorch,"[(2, 256), (2, 2048), (32, 256), (32, 2048)]",2.284720,3.258582
cuda,BERT_pytorch,"[(2, 256), (2, 2048), (32, 256), (32, 2048)]",2.232843,3.289644
cuda,BERT_pytorch,"[(2, 256), (2, 2048), (32, 256), (32, 2048)]",2.074692,3.611490
cuda,BERT_pytorch,"[(2, 256), (2, 2048), (32, 256), (32, 2048)]",2.341280,3.065533
cuda,BERT_pytorch,"[(2, 256), (2, 2048), (32, 256), (32, 2048)]",2.258061,3.272662
cuda,BERT_pytorch,0,0.000000,0.000000
cuda,BERT_pytorch,"[(2, 256), (2, 2048), (32, 256), (32, 2048)]",2.357939,3.108148
cuda,BERT_pytorch,"[(2, 256), (2, 2048), (32, 256), (32, 2048)]",2.263155,3.272004
cuda,BERT_pytorch,"[(2, 256), (2, 2048), (32, 256), (32, 2048)]",2.289622,3.121898
cuda,BERT_pytorch,"[(2, 256), (2, 2048), (32, 256), (32, 2048)]",2.170660,3.266637
cuda,BERT_pytorch,"[(2, 256), (2, 2048), (32, 256), (32, 2048)]",2.322589,3.020324
cuda,BERT_pytorch,"[(2, 256), (2, 2048), (32, 256), (32, 2048)]",2.065520,3.544674
cuda,BERT_pytorch,"[(2, 256), (2, 2048), (32, 256), (32, 2048)]",2.159423,3.434516
cuda,BERT_pytorch,"[(2, 256), (2, 2048), (32, 256), (32, 2048)]",2.090184,3.356614
cuda,BERT_pytorch,"[(2, 256), (2, 2048), (32, 256), (32, 2048)]",2.292131,3.031174
cuda,BERT_pytorch,"[(2, 256), (2, 2048), (32, 256), (32, 2048)]",2.071458,3.331269
cuda,BERT_pytorch,"[(2, 256), (2, 2048), (32, 256), (32, 2048)]",2.199108,3.240997
cuda,BERT_pytorch,"[(2, 256), (2, 2048), (32, 256), (32, 2048)]",2.072586,3.351805
cuda,BERT_pytorch,0,0.000000,0.000000
cuda,BERT_pytorch,"[(2, 256), (2, 2048), (32, 256), (32, 2048)]",2.199194,3.226480
cuda,BERT_pytorch,"[(2, 256), (2, 2048), (32, 256), (32, 2048)]",1.898325,3.844175
cuda,BERT_pytorch,"[(2, 256), (2, 2048), (32, 256), (32, 2048)]",2.065654,3.600121
cuda,BERT_pytorch,"[(2, 256), (2, 2048), (32, 256), (32, 2048)]",2.013462,3.546750
cuda,BERT_pytorch,"[(2, 256), (2, 2048), (32, 256), (32, 2048)]",2.070500,3.384088
cuda,BERT_pytorch,"[(2, 256), (2, 2048), (32, 256), (32, 2048)]",1.598517,4.570823
cuda,BERT_pytorch,"[(2, 256), (2, 2048), (32, 256), (32, 2048)]",1.941808,3.667373
cuda,BERT_pytorch,"[(2, 256), (2, 2048), (32, 256), (32, 2048)]",1.906850,3.677088
cuda,BERT_pytorch,"[(2, 256), (2, 2048), (32, 256), (32, 2048)]",2.020376,3.713097
cuda,BERT_pytorch,"[(2, 256), (2, 2048), (32, 256), (32, 2048)]",1.624225,4.294262
cuda,BERT_pytorch,"[(2, 256), (2, 2048), (32, 256), (32, 2048)]",1.938332,3.772597
cuda,BERT_pytorch,"[(2, 256), (2, 2048), (32, 256), (32, 2048)]",1.898574,3.693546
